country,population,gdp,countryLabel,continent,continentLabel,lon,lat,coordinate_location,image
http://www.wikidata.org/entity/Q148,1443497378,17820459342451,People's Republic of China,http://www.wikidata.org/entity/Q48,Asia,103.4519444,35.84472222,"103.451944444,35.844722222",http://commons.wikimedia.org/wiki/Special:FilePath/Badaling%20China%20Great-Wall-of-China-01.jpg
http://www.wikidata.org/entity/Q668,1326093247,3150306834280,India,http://www.wikidata.org/entity/Q48,Asia,83,22.8,"83,22.8",http://commons.wikimedia.org/wiki/Special:FilePath/India-0037%20-%20Flickr%20-%20archer10%20%28Dennis%29.jpg
http://www.wikidata.org/entity/Q30,331449281,23315080560000,United States of America,http://www.wikidata.org/entity/Q49,North America,-98.5795,39.828175,"-98.5795,39.828175",http://commons.wikimedia.org/wiki/Special:FilePath/City%20Lights%20of%20the%20United%20States%202012.jpg
http://www.wikidata.org/entity/Q252,275439000,1186505455721,Indonesia,http://www.wikidata.org/entity/Q48,Asia,118,-2,"118,-2",http://commons.wikimedia.org/wiki/Special:FilePath/Peta%20provinsi%20Indonesia.png
http://www.wikidata.org/entity/Q843,223773700,348262544719,Pakistan,http://www.wikidata.org/entity/Q48,Asia,71,30,"71,30",http://commons.wikimedia.org/wiki/Special:FilePath/923554545441%20status%20c52735a8c1de4387883de80bf2b127a5.jpg
http://www.wikidata.org/entity/Q1033,211400708,440833583992,Nigeria,http://www.wikidata.org/entity/Q15,Africa,8,9,"8,9",http://commons.wikimedia.org/wiki/Special:FilePath/The%20City%20Gate%20of%20Abuja.jpg
http://www.wikidata.org/entity/Q155,203062512,1649622972159,Brazil,http://www.wikidata.org/entity/Q18,South America,-53,-14,"-53,-14",http://commons.wikimedia.org/wiki/Special:FilePath/Cidade%20Maravilhosa.jpg
http://www.wikidata.org/entity/Q902,169356251,416264802185,Bangladesh,http://www.wikidata.org/entity/Q48,Asia,89.866667,24.016667,"89.866667,24.016667",http://commons.wikimedia.org/wiki/Special:FilePath/Swamp%20Sylhet.jpg
http://www.wikidata.org/entity/Q159,146804372,1836892075548,Russia,http://www.wikidata.org/entity/Q46,Europe,94.25,66.41666667,"94.25,66.416666666",http://commons.wikimedia.org/wiki/Special:FilePath/Kremlin%20Moscow.jpg
http://www.wikidata.org/entity/Q17,125440000,4231141201863,Japan,http://www.wikidata.org/entity/Q48,Asia,136,35,"136,35",http://commons.wikimedia.org/wiki/Special:FilePath/140405%20Tsu%20Castle%20Tsu%20MIe%20pref%20Japan01s.jpg
http://www.wikidata.org/entity/Q96,124777324,1272838810896,Mexico,http://www.wikidata.org/entity/Q49,North America,-102,23,"-102,23",http://commons.wikimedia.org/wiki/Special:FilePath/Ciudad.de.Mexico.City.Distrito.Federal.DF.Paseo.Reforma.Skyline.jpg
http://www.wikidata.org/entity/Q928,109035343,394087362017,Philippines,http://www.wikidata.org/entity/Q48,Asia,123,12,"123,12",http://commons.wikimedia.org/wiki/Special:FilePath/Big%20lagoon%20entrance%2C%20Miniloc%20island%20-%20panoramio.jpg
http://www.wikidata.org/entity/Q881,96208984,366137590718,Vietnam,http://www.wikidata.org/entity/Q48,Asia,108,16,"108,16",http://commons.wikimedia.org/wiki/Special:FilePath/Hanoi%20Temple%20of%20Literature.jpg
http://www.wikidata.org/entity/Q79,94798827,424671765456,Egypt,http://www.wikidata.org/entity/Q15,Africa,29,27,"29,27",http://commons.wikimedia.org/wiki/Special:FilePath/Egypt%20sat.png
http://www.wikidata.org/entity/Q974,86790567,55350968593,Democratic Republic of the Congo,http://www.wikidata.org/entity/Q15,Africa,23.65611111,-2.88,"23.656111111,-2.88",http://commons.wikimedia.org/wiki/Special:FilePath/DR%20Congo%20-%20collage.jpg
http://www.wikidata.org/entity/Q183,83149300,4072191736090,Germany,http://www.wikidata.org/entity/Q46,Europe,10,51,"10,51",http://commons.wikimedia.org/wiki/Special:FilePath/Aerial%20view%20of%20Berlin%20%2832881394137%29.jpg
http://www.wikidata.org/entity/Q142,67749632,2782905325625,France,http://www.wikidata.org/entity/Q46,Europe,2,47,"2,47",http://commons.wikimedia.org/wiki/Special:FilePath/Paris%20from%20the%20Arc%20de%20Triomphe%2C%2017%20October%202019.jpg
http://www.wikidata.org/entity/Q145,67326569,3070667732359,United Kingdom,http://www.wikidata.org/entity/Q46,Europe,-2,54.6,"-2,54.6",http://commons.wikimedia.org/wiki/Special:FilePath/Palace%20of%20Westminster%20from%20the%20dome%20on%20Methodist%20Central%20Hall.jpg
http://www.wikidata.org/entity/Q869,66188503,495340592811,Thailand,http://www.wikidata.org/entity/Q48,Asia,101,14,"101,14",http://commons.wikimedia.org/wiki/Special:FilePath/%E0%B8%9B%E0%B8%A3%E0%B8%B0%E0%B8%A7%E0%B8%B1%E0%B8%95%E0%B8%B4%E0%B8%A8%E0%B8%B2%E0%B8%AA%E0%B8%95%E0%B8%A3%E0%B9%8C%E0%B9%84%E0%B8%97%E0%B8%A2%20History%20of%20Thailand%20Photographed%20by%20Trisorn%20Triboon-99.jpg
http://www.wikidata.org/entity/Q258,62027503,405869718462,South Africa,http://www.wikidata.org/entity/Q15,Africa,24,-29,"24,-29",http://commons.wikimedia.org/wiki/Special:FilePath/Ciudad%20del%20Cabo%20desde%20Cabeza%20de%20Le%C3%B3n%2C%20Sud%C3%A1frica%2C%202018-07-22%2C%20DD%2034.jpg
http://www.wikidata.org/entity/Q38,58850717,2010431598465,Italy,http://www.wikidata.org/entity/Q46,Europe,12.5,42.5,"12.5,42.5",http://commons.wikimedia.org/wiki/Special:FilePath/Colosseo%202020.jpg
http://www.wikidata.org/entity/Q836,53370609,59364362541,Myanmar,http://www.wikidata.org/entity/Q48,Asia,96,22,"96,22",http://commons.wikimedia.org/wiki/Special:FilePath/%40HaNgryBam.jpg
http://www.wikidata.org/entity/Q884,51466201,1665245538595,South Korea,http://www.wikidata.org/entity/Q48,Asia,128,36,"128,36",http://commons.wikimedia.org/wiki/Special:FilePath/Seoul%20%28175734251%29.jpeg
http://www.wikidata.org/entity/Q739,49065615,318511813577,Colombia,http://www.wikidata.org/entity/Q18,South America,-73.25,4,"-73.25,4",http://commons.wikimedia.org/wiki/Special:FilePath/Anserma-Caldas-Colombia.jpg
http://www.wikidata.org/entity/Q114,48468138,109703659313,Kenya,http://www.wikidata.org/entity/Q15,Africa,38,0.1,"38,0.1",http://commons.wikimedia.org/wiki/Special:FilePath/Kenya%20on%20the%20globe%20%28Africa%20centered%29.svg
http://www.wikidata.org/entity/Q414,47327407,487227125386,Argentina,http://www.wikidata.org/entity/Q18,South America,-64,-34,"-64,-34",http://commons.wikimedia.org/wiki/Special:FilePath/Fitz%20Roy%201b.jpg
http://www.wikidata.org/entity/Q212,41167335,160502739236,Ukraine,http://www.wikidata.org/entity/Q46,Europe,32,49,"32,49",http://commons.wikimedia.org/wiki/Special:FilePath/Maidan%20Nezalezhnosti%20view.jpg
http://www.wikidata.org/entity/Q1049,40533330,34229513775,Sudan,http://www.wikidata.org/entity/Q15,Africa,32,15,"32,15",http://commons.wikimedia.org/wiki/Special:FilePath/Khartoum.jpg
http://www.wikidata.org/entity/Q36,38382576,679441900611,Poland,http://www.wikidata.org/entity/Q46,Europe,19,52,"19,52",http://commons.wikimedia.org/wiki/Special:FilePath/Warsaw%20Old%20Town%20Market%20Square%2010.JPG
http://www.wikidata.org/entity/Q796,38274618,207691599310,Iraq,http://www.wikidata.org/entity/Q48,Asia,43,33,"43,33",http://commons.wikimedia.org/wiki/Special:FilePath/Shar%20Park%20%286556994591%29.jpg
http://www.wikidata.org/entity/Q1028,37076584,134181587770,Morocco,http://www.wikidata.org/entity/Q15,Africa,-6,32,"-6,32",http://commons.wikimedia.org/wiki/Special:FilePath/Ary-neffakh-coirneus.png
http://www.wikidata.org/entity/Q16,36991981,2206764000000,Canada,http://www.wikidata.org/entity/Q49,North America,-109,56,"-109,56",http://commons.wikimedia.org/wiki/Special:FilePath/Canada%20BMNG.png
http://www.wikidata.org/entity/Q851,33000000,868585871465,Saudi Arabia,http://www.wikidata.org/entity/Q48,Asia,44.116667,23.716667,"44.116667,23.716667",http://commons.wikimedia.org/wiki/Special:FilePath/Kingdom%20Tower%20at%20night.JPG
http://www.wikidata.org/entity/Q916,32866270,65685435100,Angola,http://www.wikidata.org/entity/Q15,Africa,17.35,-12.35,"17.35,-12.35",http://commons.wikimedia.org/wiki/Special:FilePath/LocationAngola.svg
http://www.wikidata.org/entity/Q117,32833031,72838798788,Ghana,http://www.wikidata.org/entity/Q15,Africa,-1.08,8.03,"-1.08,8.03",http://commons.wikimedia.org/wiki/Special:FilePath/Beach%20with%20palms%20Ghana.jpg
http://www.wikidata.org/entity/Q833,32447385,372981073018,Malaysia,http://www.wikidata.org/entity/Q48,Asia,102.3143617,3.7805111,"102.314361666,3.7805111",http://commons.wikimedia.org/wiki/Special:FilePath/View%20on%20Petronas%20Towers.JPG
http://www.wikidata.org/entity/Q1029,29668834,15776757420,Mozambique,http://www.wikidata.org/entity/Q15,Africa,35,-19,"35,-19",http://commons.wikimedia.org/wiki/Special:FilePath/Chicamba%20Dam.jpg
http://www.wikidata.org/entity/Q419,29381884,223717791483,Peru,http://www.wikidata.org/entity/Q18,South America,-76,-9.4,"-76,-9.4",http://commons.wikimedia.org/wiki/Special:FilePath/Cuarentena%20Lima%20%2819%20de%20marzo%202%29.jpg
http://www.wikidata.org/entity/Q837,29164578,36924841430,Nepal,http://www.wikidata.org/entity/Q48,Asia,84,28,"84,28",http://commons.wikimedia.org/wiki/Special:FilePath/Satellite%20image%20of%20Nepal%20in%20October%202002.jpg
http://www.wikidata.org/entity/Q408,26473055,1675418665067,Australia,http://www.wikidata.org/entity/Q55643,Oceania,133,-25,"133,-25",http://commons.wikimedia.org/wiki/Special:FilePath/Australia%20satellite%20plane.jpg
http://www.wikidata.org/entity/Q1019,25570895,14554754115,Madagascar,http://www.wikidata.org/entity/Q15,Africa,47,-20,"47,-20",http://commons.wikimedia.org/wiki/Special:FilePath/Satellite%20image%20of%20Madagascar%20in%20September%202003.jpg
http://www.wikidata.org/entity/Q1008,24294750,70018715017,Ivory Coast,http://www.wikidata.org/entity/Q15,Africa,-6,8,"-6,8",http://commons.wikimedia.org/wiki/Special:FilePath/Abidjan2.jpg
http://www.wikidata.org/entity/Q1009,24053727,44341646509,Cameroon,http://www.wikidata.org/entity/Q15,Africa,12.65,5.133333333,"12.65,5.133333333",http://commons.wikimedia.org/wiki/Special:FilePath/Monument%20r%C3%A9unification%20Buea.jpg
http://www.wikidata.org/entity/Q854,21444000,74403578363,Sri Lanka,http://www.wikidata.org/entity/Q48,Asia,81,7,"81,7",http://commons.wikimedia.org/wiki/Special:FilePath/Topography%20Sri%20Lanka.jpg
http://www.wikidata.org/entity/Q965,20488000,18884619613,Burkina Faso,http://www.wikidata.org/entity/Q15,Africa,-2.066667,12.266667,"-2.066667,12.266667",http://commons.wikimedia.org/wiki/Special:FilePath/Burkina%20sat.png
http://www.wikidata.org/entity/Q298,19458000,301025249438,Chile,http://www.wikidata.org/entity/Q18,South America,-71,-33,"-71,-33",http://commons.wikimedia.org/wiki/Special:FilePath/Duna%20Mayor%2C%20Valle%20de%20la%20Luna%2C%20San%20Pedro%20de%20Atacama%2C%20Chile%2C%202016-02-01%2C%20DD%20164.JPG
http://www.wikidata.org/entity/Q218,19053815,285404683025,Romania,http://www.wikidata.org/entity/Q46,Europe,25,46,"25,46",http://commons.wikimedia.org/wiki/Special:FilePath/Apuseni.%20%2841412826664%29.jpg
http://www.wikidata.org/entity/Q1020,18622104,12602334124,Malawi,http://www.wikidata.org/entity/Q15,Africa,34,-13,"34,-13",http://commons.wikimedia.org/wiki/Special:FilePath/Zomba%20Plateau%20banner.jpg
http://www.wikidata.org/entity/Q774,17263239,86053079767,Guatemala,http://www.wikidata.org/entity/Q49,North America,-90.25,15.5,"-90.25,15.5",http://commons.wikimedia.org/wiki/Special:FilePath/Satellite%20image%20of%20Guatemala%20in%20April%202002.jpg
http://www.wikidata.org/entity/Q736,16938986,106165866000,Ecuador,http://www.wikidata.org/entity/Q18,South America,-78,-1,"-78,-1",http://commons.wikimedia.org/wiki/Special:FilePath/Ecuador%20Blue%20Marble.png
http://www.wikidata.org/entity/Q1041,16876720,27569136728,Senegal,http://www.wikidata.org/entity/Q15,Africa,-14.283333,14.366667,"-14.283333,14.366667",http://commons.wikimedia.org/wiki/Special:FilePath/20130513-DSC%208564%20%288750149526%29.jpg
http://www.wikidata.org/entity/Q424,16005373,26961061152,Cambodia,http://www.wikidata.org/entity/Q48,Asia,105,12.5,"105,12.5",http://commons.wikimedia.org/wiki/Special:FilePath/Angkor%20Wat%20W-Seite.jpg
http://www.wikidata.org/entity/Q1006,12717176,16091817842,Guinea,http://www.wikidata.org/entity/Q15,Africa,-11,10,"-11,10",http://commons.wikimedia.org/wiki/Special:FilePath/Entre%20principal%20du%20palais%20du%20peuple%20conakry.jpg
http://www.wikidata.org/entity/Q31,11584008,599880000000,Belgium,http://www.wikidata.org/entity/Q46,Europe,4.668055555,50.64111111,"4.668055555,50.641111111",http://commons.wikimedia.org/wiki/Special:FilePath/Belgique%20-%20Bruxelles%20-%20Grand-Place%20-%20C%C3%B4t%C3%A9%20nord-est.jpg
http://www.wikidata.org/entity/Q948,11565204,46664948952,Tunisia,http://www.wikidata.org/entity/Q15,Africa,10,34,"10,34",http://commons.wikimedia.org/wiki/Special:FilePath/Carthage%20Palace%20from%20Sidi%20Bou%20Said.jpg
http://www.wikidata.org/entity/Q967,11530580,2775798697,Burundi,http://www.wikidata.org/entity/Q15,Africa,29.816667,-3.666667,"29.816667,-3.666667",http://commons.wikimedia.org/wiki/Special:FilePath/BujumburaFromCathedral.jpg
http://www.wikidata.org/entity/Q962,11175692,17401746309,Benin,http://www.wikidata.org/entity/Q15,Africa,2.183333333,8.833333333,"2.183333333,8.833333333",http://commons.wikimedia.org/wiki/Special:FilePath/S%C3%A8m%C3%A8.png
http://www.wikidata.org/entity/Q750,11051600,40408208524,Bolivia,http://www.wikidata.org/entity/Q18,South America,-64.99122861,-17.05686961,"-64.991228611,-17.056869611",http://commons.wikimedia.org/wiki/Special:FilePath/LagunaChiarKhota2013.jpg
http://www.wikidata.org/entity/Q1045,11031386,7628000011,Somalia,http://www.wikidata.org/entity/Q15,Africa,47,6,"47,6",http://commons.wikimedia.org/wiki/Special:FilePath/Aerial%20views%20of%20Kismayo%2006%20%288071381265%29.jpg
http://www.wikidata.org/entity/Q790,10981229,20253551885,Haiti,http://www.wikidata.org/entity/Q49,North America,-72.8,19,"-72.8,19",http://commons.wikimedia.org/wiki/Special:FilePath/ISS020-E-43300%20-%20View%20of%20Haiti.jpg
http://www.wikidata.org/entity/Q213,10827529,250681000000,Czech Republic,http://www.wikidata.org/entity/Q46,Europe,15,50,"15,50",http://commons.wikimedia.org/wiki/Special:FilePath/JMK%20Montage%20I.jpg
http://www.wikidata.org/entity/Q41,10482487,214873879834,Greece,http://www.wikidata.org/entity/Q46,Europe,23,38.5,"23,38.5",http://commons.wikimedia.org/wiki/Special:FilePath/The%20Acropolis%20and%20Mount%20Hymettus%20from%20Philopappos%20Hill%20on%20July%2018%2C%202019.jpg
http://www.wikidata.org/entity/Q810,10428241,45116317042,Jordan,http://www.wikidata.org/entity/Q48,Asia,36.5,31.2,"36.5,31.2",http://commons.wikimedia.org/wiki/Special:FilePath/Ad%20Deir%20%28The%20Monastery%29%2C%20El%20Deir%2C%20Petra%2C%20Jordan.jpg
http://www.wikidata.org/entity/Q783,10062994,28488721296,Honduras,http://www.wikidata.org/entity/Q49,North America,-86.816667,14.633333,"-86.816667,14.633333",http://commons.wikimedia.org/wiki/Special:FilePath/Copan%20sculpture.jpg
http://www.wikidata.org/entity/Q801,9797120,520700000000,Israel,http://www.wikidata.org/entity/Q48,Asia,35,31,"35,31",http://commons.wikimedia.org/wiki/Special:FilePath/Israel%20Batch%201%20%28115%29.JPG
http://www.wikidata.org/entity/Q184,9200617,69673747132,Belarus,http://www.wikidata.org/entity/Q46,Europe,28.04666667,53.52833333,"28.046666666,53.528333333",http://commons.wikimedia.org/wiki/Special:FilePath/Satellite%20image%20of%20Belarus%20in%20December%202002.jpg
http://www.wikidata.org/entity/Q691,8935000,26311656000,Papua New Guinea,http://www.wikidata.org/entity/Q538,Insular Oceania,147,-6.3,"147,-6.3",http://commons.wikimedia.org/wiki/Special:FilePath/Papua%20New%20Guinea%20map.png
http://www.wikidata.org/entity/Q945,7797694,8126439481,Togo,http://www.wikidata.org/entity/Q15,Africa,1.183333,8.25,"1.183333,8.25",http://commons.wikimedia.org/wiki/Special:FilePath/Kpalime.jpg
http://www.wikidata.org/entity/Q1044,7557212,3970343852,Sierra Leone,http://www.wikidata.org/entity/Q15,Africa,-12.1,8.5,"-12.1,8.5",http://commons.wikimedia.org/wiki/Special:FilePath/Kenema-Kailahun%20Road.jpg
http://www.wikidata.org/entity/Q403,7022268,63082021206,Serbia,http://www.wikidata.org/entity/Q46,Europe,20.93333333,43.95,"20.933333333,43.95",http://commons.wikimedia.org/wiki/Special:FilePath/2006%2C%20view%20from%20train%20from%20Belgrade%20to%20Zagreb%2015.jpg
http://www.wikidata.org/entity/Q819,6858160,15724383783,Laos,http://www.wikidata.org/entity/Q48,Asia,104.1,18.2,"104.1,18.2",http://commons.wikimedia.org/wiki/Special:FilePath/Karst%20peaks%20and%20green%20paddy%20fields%20under%20a%20stormy%20sky%2C%20South%20view%20from%20Mount%20Nam%20Xay%2C%20Vang%20Vieng%2C%20Laos.jpg
http://www.wikidata.org/entity/Q813,6694200,8740681889,Kyrgyzstan,http://www.wikidata.org/entity/Q48,Asia,75,41,"75,41",http://commons.wikimedia.org/wiki/Special:FilePath/Kyrgyzstan%20%28orthographic%20projection%29.svg
http://www.wikidata.org/entity/Q1016,6678567,39798423941,Libya,http://www.wikidata.org/entity/Q15,Africa,17,27,"17,27",http://commons.wikimedia.org/wiki/Special:FilePath/Libyan%20Desert%20-%202006.jpg
http://www.wikidata.org/entity/Q822,6100075,23131941557,Lebanon,http://www.wikidata.org/entity/Q48,Asia,35.766667,33.833333,"35.766667,33.833333",http://commons.wikimedia.org/wiki/Special:FilePath/Beirutcity.jpg
http://www.wikidata.org/entity/Q334,5866139,423796995373,Singapore,http://www.wikidata.org/entity/Q48,Asia,103.8,1.3,"103.8,1.3",http://commons.wikimedia.org/wiki/Special:FilePath/Raffles%20Place.jpg
http://www.wikidata.org/entity/Q792,5744113,29451240000,El Salvador,http://www.wikidata.org/entity/Q49,North America,-88.866111,13.668889,"-88.866111,13.668889",http://commons.wikimedia.org/wiki/Special:FilePath/ES%20JoyadeCeren%2006%202011%20Estructura%209%20Area%202%20Tamazcal%202106%20zoom%20out.jpg
http://www.wikidata.org/entity/Q33,5563970,280825957768,Finland,http://www.wikidata.org/entity/Q46,Europe,27,65,"27,65",http://commons.wikimedia.org/wiki/Special:FilePath/T%C3%B6%C3%B6l%C3%B6nlahti1.jpg
http://www.wikidata.org/entity/Q20,5504329,490293364377,Norway,http://www.wikidata.org/entity/Q46,Europe,11,65,"11,65",http://commons.wikimedia.org/wiki/Special:FilePath/Grimsdalen%20Rondane%20Dovre%20Innlandet%20Norway%20%282004.06.28%29.jpg
http://www.wikidata.org/entity/Q214,5449270,115468803972,Slovakia,http://www.wikidata.org/entity/Q46,Europe,20,49,"20,49",http://commons.wikimedia.org/wiki/Special:FilePath/000%20Sllovakia%20harta.PNG
http://www.wikidata.org/entity/Q219060,5227193,18109000000,State of Palestine,http://www.wikidata.org/entity/Q48,Asia,35.25,32,"35.25,32",http://commons.wikimedia.org/wiki/Special:FilePath/Palestine%20-%2020190204-DSC%200007.jpg
http://www.wikidata.org/entity/Q1014,5214030,3509000000,Liberia,http://www.wikidata.org/entity/Q15,Africa,-9.75,6.533333,"-9.75,6.533333",http://commons.wikimedia.org/wiki/Special:FilePath/Liberian%20Capitol%20Building.jpg
http://www.wikidata.org/entity/Q811,5142098,14145852101,Nicaragua,http://www.wikidata.org/entity/Q49,North America,-85,13,"-85,13",http://commons.wikimedia.org/wiki/Special:FilePath/%D0%9A%D0%B0%D1%84%D0%B5%D0%B4%D1%80%D0%B0%D0%BB%D1%8C%D0%BD%D1%8B%D0%B9%20%D1%81%D0%BE%D0%B1%D0%BE%D1%80%20%D0%B2%20%D0%9C%D0%B0%D0%BD%D0%B0%D0%B3%D1%83%D0%B0.jpg
http://www.wikidata.org/entity/Q664,5118700,247234053739,New Zealand,http://www.wikidata.org/entity/Q538,Insular Oceania,174,-41.2,"174,-41.2",http://commons.wikimedia.org/wiki/Special:FilePath/Maori%20dancers%20performing%20Haka.jpg
http://www.wikidata.org/entity/Q1025,4614974,9996240419,Mauritania,http://www.wikidata.org/entity/Q15,Africa,-11,21,"-11,21",http://commons.wikimedia.org/wiki/Special:FilePath/Bareina%2C%20Mauritania.jpg
http://www.wikidata.org/entity/Q817,4600000,136797422274,Kuwait,http://www.wikidata.org/entity/Q48,Asia,47.6,29.166667,"47.6,29.166667",http://commons.wikimedia.org/wiki/Special:FilePath/Kuwait%20City%2C%20Kuwait.JPG
http://www.wikidata.org/entity/Q224,3871833,68843674641,Croatia,http://www.wikidata.org/entity/Q46,Europe,15.466667,45.25,"15.466667,45.25",http://commons.wikimedia.org/wiki/Special:FilePath/Dubrovnik%20june%202011..JPG
http://www.wikidata.org/entity/Q711,3409939,15286441740,Mongolia,http://www.wikidata.org/entity/Q48,Asia,105,46,"105,46",http://commons.wikimedia.org/wiki/Special:FilePath/Gurvger.jpg
http://www.wikidata.org/entity/Q399,2930450,13861409969,Armenia,http://www.wikidata.org/entity/Q48,Asia,44.95,40.383333,"44.95,40.383333",http://commons.wikimedia.org/wiki/Special:FilePath/Noravank%20panorama.jpg
http://www.wikidata.org/entity/Q222,2793592,17930565119,Albania,http://www.wikidata.org/entity/Q46,Europe,20,41,"20,41",http://commons.wikimedia.org/wiki/Special:FilePath/ISS006-E-45668%20-%20View%20of%20Albania.jpg
http://www.wikidata.org/entity/Q766,2697983,14657586359,Jamaica,http://www.wikidata.org/entity/Q49,North America,-77.4,18.18,"-77.4,18.18",http://commons.wikimedia.org/wiki/Special:FilePath/Satellite%20image%20of%20Jamaica%20in%20November%202001.jpg
http://www.wikidata.org/entity/Q1005,2639916,2038414974,The Gambia,http://www.wikidata.org/entity/Q15,Africa,-15.5,13.5,"-15.5,13.5",http://commons.wikimedia.org/wiki/Special:FilePath/Gambia-kairabaav.JPG
http://www.wikidata.org/entity/Q846,2639211,179677131707,Qatar,http://www.wikidata.org/entity/Q48,Asia,51.212767,25.269535,"51.212767,25.269535",http://commons.wikimedia.org/wiki/Special:FilePath/Modern%20Doha.jpg
http://www.wikidata.org/entity/Q217,2603813,13692230147,Moldova,http://www.wikidata.org/entity/Q46,Europe,28.516667,47.25,"28.516667,47.25",http://commons.wikimedia.org/wiki/Special:FilePath/MoldRelief.jpg
http://www.wikidata.org/entity/Q1030,2533794,12446290855,Namibia,http://www.wikidata.org/entity/Q15,Africa,17,-23,"17,-23",http://commons.wikimedia.org/wiki/Special:FilePath/Duna%20en%20Sossusvlei%2C%20Namibia%2C%202018-08-06%2C%20DD%20002.jpg
http://www.wikidata.org/entity/Q963,2291661,18737066307,Botswana,http://www.wikidata.org/entity/Q15,Africa,23.7,-22.2,"23.7,-22.2",http://commons.wikimedia.org/wiki/Special:FilePath/Okavango%20Delta%2C%20Botswana%20%282674364913%29.jpg
http://www.wikidata.org/entity/Q215,2066880,61748586535,Slovenia,http://www.wikidata.org/entity/Q46,Europe,15,46,"15,46",http://commons.wikimedia.org/wiki/Special:FilePath/SLO%20%E2%80%94%20Ljubljana%20%28Blick%20auf%20Burg%29%202020.JPG
http://www.wikidata.org/entity/Q1000,2025137,4800000000,Gabon,http://www.wikidata.org/entity/Q15,Africa,11.5,-0.683330555,"11.5,-0.683330555",http://commons.wikimedia.org/wiki/Special:FilePath/Gabon%20sat.png
http://www.wikidata.org/entity/Q1013,2007201,2373416269,Lesotho,http://www.wikidata.org/entity/Q15,Africa,28.25,-29.55,"28.25,-29.55",http://commons.wikimedia.org/wiki/Special:FilePath/Lesotho%20mountain%20village%20%285285775857%29.jpg
http://www.wikidata.org/entity/Q211,1883008,39725383601,Latvia,http://www.wikidata.org/entity/Q46,Europe,25,57,"25,57",http://commons.wikimedia.org/wiki/Special:FilePath/Satellite%20image%20of%20Latvia%20in%20March%202003.jpg
http://www.wikidata.org/entity/Q1007,1861283,1633559092,Guinea-Bissau,http://www.wikidata.org/entity/Q15,Africa,-15,12,"-15,12",http://commons.wikimedia.org/wiki/Special:FilePath/Bissau%20city%20center.jpg
http://www.wikidata.org/entity/Q221,1836713,13563132057,North Macedonia,http://www.wikidata.org/entity/Q46,Europe,21.716667,41.65,"21.716667,41.65",http://commons.wikimedia.org/wiki/Special:FilePath/Map%20of%20the%20Republic%20of%20Macedonia-mk.svg
http://www.wikidata.org/entity/Q398,1492584,39303403989,Bahrain,http://www.wikidata.org/entity/Q48,Asia,50.551111,26.0675,"50.551111,26.0675",http://commons.wikimedia.org/wiki/Special:FilePath/ISS040-E-105381%20-%20View%20of%20Bahrain.jpg
http://www.wikidata.org/entity/Q754,1369125,24460196270,Trinidad and Tobago,http://www.wikidata.org/entity/Q49,North America,-61.51666667,10.66666667,"-61.516666666,10.666666666",http://commons.wikimedia.org/wiki/Special:FilePath/Pigeon%20Point%20beach.jpg
http://www.wikidata.org/entity/Q574,1296311,3163324631,East Timor,http://www.wikidata.org/entity/Q48,Asia,125.75,-8.966667,"125.75,-8.966667",http://commons.wikimedia.org/wiki/Special:FilePath/Lospalos%20klein.jpg
http://www.wikidata.org/entity/Q983,1267689,11813908448,Equatorial Guinea,http://www.wikidata.org/entity/Q15,Africa,10,1.5,"10,1.5",http://commons.wikimedia.org/wiki/Special:FilePath/The%20Great%20Bioko%20mountain.jpg
http://www.wikidata.org/entity/Q1027,1264613,11476433604,Mauritius,http://www.wikidata.org/entity/Q15,Africa,57.5,-20.2,"57.5,-20.2",http://commons.wikimedia.org/wiki/Special:FilePath/Mauritius%2023.08.2009%2011-42-31.jpg
http://www.wikidata.org/entity/Q977,956985,3372287462,Djibouti,http://www.wikidata.org/entity/Q15,Africa,42.433333,11.8,"42.433333,11.8",http://commons.wikimedia.org/wiki/Special:FilePath/ISS006-E-41979%20-%20View%20of%20Djibouti.jpg
http://www.wikidata.org/entity/Q712,905502,4296235428,Fiji,http://www.wikidata.org/entity/Q538,Insular Oceania,178,-18,"178,-18",http://commons.wikimedia.org/wiki/Special:FilePath/%D0%9A%D1%83%D0%B8%D0%BD%D1%81-%D1%80%D0%BE%D1%83%D0%B4%2C%20%D0%B3%D0%BE%D1%80%D0%BE%D0%B4%20%D0%9D%D0%B0%D0%BD%D0%B4%D0%B8%20%28Queens%20Rd.%2C%20Nadi%29.jpg
http://www.wikidata.org/entity/Q32,660809,82274812251,Luxembourg,http://www.wikidata.org/entity/Q46,Europe,6.13,49.77,"6.13,49.77",http://commons.wikimedia.org/wiki/Special:FilePath/Greinskapell%2C%20Luxembourg%20City%206.JPG
http://www.wikidata.org/entity/Q236,622359,5861430526,Montenegro,http://www.wikidata.org/entity/Q46,Europe,19.216667,42.766667,"19.216667,42.766667",http://commons.wikimedia.org/wiki/Special:FilePath/R-1%20regional%20road%20%28Montenegro%29%2007.jpg
http://www.wikidata.org/entity/Q1011,555988,2091741774,Cape Verde,http://www.wikidata.org/entity/Q15,Africa,-23.7,15.3,"-23.7,15.3",http://commons.wikimedia.org/wiki/Special:FilePath/Satellite%20image%20of%20Cape%20Verde%20in%20December%202002.jpg
http://www.wikidata.org/entity/Q233,465292,17743376199,Malta,http://www.wikidata.org/entity/Q46,Europe,14.5,35.88333333,"14.5,35.883333333",http://commons.wikimedia.org/wiki/Special:FilePath/Malta%2C%202010%20-%20panoramio%20-%20Bengt%20Nyman%20%2823%29.jpg
http://www.wikidata.org/entity/Q826,436330,5405557162,Maldives,http://www.wikidata.org/entity/Q48,Asia,73.51,4.18,"73.51,4.18",http://commons.wikimedia.org/wiki/Special:FilePath/%E6%B0%B4%E4%B8%8A%E3%82%B3%E3%83%86%E3%83%BC%E3%82%B8%20%28215186373%29.jpeg
http://www.wikidata.org/entity/Q921,428697,14006497000,Brunei,http://www.wikidata.org/entity/Q48,Asia,114.566667,4.4,"114.566667,4.4",http://commons.wikimedia.org/wiki/Special:FilePath/Sultan%20Omar%20Ali%20Saifuddin%20Mosque%2002.jpg
http://www.wikidata.org/entity/Q242,374681,2491500000,Belize,http://www.wikidata.org/entity/Q49,North America,-88.7,17.06666667,"-88.7,17.066666666",http://commons.wikimedia.org/wiki/Special:FilePath/Belize%20Topography.png
http://www.wikidata.org/entity/Q189,364260,25552639899,Iceland,http://www.wikidata.org/entity/Q46,Europe,-19,65,"-19,65",http://commons.wikimedia.org/wiki/Special:FilePath/Iceland%20satellite.jpg
http://www.wikidata.org/entity/Q244,303431,4843800000,Barbados,http://www.wikidata.org/entity/Q49,North America,-59.5525,13.17,"-59.5525,13.17",http://commons.wikimedia.org/wiki/Special:FilePath/Barbados%20%2850%29.jpg
http://www.wikidata.org/entity/Q686,300019,971636098,Vanuatu,http://www.wikidata.org/entity/Q538,Insular Oceania,168.0166694,-16.63333056,"168.016669444,-16.633330555",http://commons.wikimedia.org/wiki/Special:FilePath/Satellite%20image%20of%20Vanuatu%20in%20October%201998.jpg
http://www.wikidata.org/entity/Q683,198410,832421565,Samoa,http://www.wikidata.org/entity/Q538,Insular Oceania,-172.2175,-13.745,"-172.2175,-13.745",http://commons.wikimedia.org/wiki/Special:FilePath/Beach%20on%20Upolu%20Island%2C%20Samoa%2C%202009.jpg
http://www.wikidata.org/entity/Q760,167591,1691259259,Saint Lucia,http://www.wikidata.org/entity/Q49,North America,-60.96666667,13.88333333,"-60.966666666,13.883333333",http://commons.wikimedia.org/wiki/Special:FilePath/Saint%20Lucia.png
http://www.wikidata.org/entity/Q769,114299,1122800000,Grenada,http://www.wikidata.org/entity/Q49,North America,-61.666667,12.116667,"-61.666667,12.116667",http://commons.wikimedia.org/wiki/Special:FilePath/StGeorgesGrenada2000.jpg
http://www.wikidata.org/entity/Q757,109897,872226064,Saint Vincent and the Grenadines,http://www.wikidata.org/entity/Q49,North America,-61.2296,13.0139,"-61.2296,13.0139",http://commons.wikimedia.org/wiki/Special:FilePath/ISS006-E-38029%20-%20View%20of%20the%20Lesser%20Antilles.jpg
http://www.wikidata.org/entity/Q781,101489,1560518519,Antigua and Barbuda,http://www.wikidata.org/entity/Q49,North America,-61.85,17.11666667,"-61.85,17.116666666",http://commons.wikimedia.org/wiki/Special:FilePath/Satellite%20image%20of%20Antigua%20And%20Barbuda%20in%20September%202002.jpg
http://www.wikidata.org/entity/Q1042,95843,1286687873,Seychelles,http://www.wikidata.org/entity/Q15,Africa,52.766667,-7.1,"52.766667,-7.1",http://commons.wikimedia.org/wiki/Special:FilePath/Grand%20Anse-La%20Digue-Seychellen.jpg
http://www.wikidata.org/entity/Q228,81588,3325145407,Andorra,http://www.wikidata.org/entity/Q46,Europe,1.555277777,42.55833333,"1.555277777,42.558333333",http://commons.wikimedia.org/wiki/Special:FilePath/Andorra%20la%20Vella%20-%20footpath.jpg
http://www.wikidata.org/entity/Q784,74656,555266667,Dominica,http://www.wikidata.org/entity/Q49,North America,-61.333333,15.416667,"-61.333333,15.416667",http://commons.wikimedia.org/wiki/Special:FilePath/Dominica%20from%20ISS.jpg
http://www.wikidata.org/entity/Q763,55345,860844444,Saint Kitts and Nevis,http://www.wikidata.org/entity/Q49,North America,-62.66666944,17.27166667,"-62.666669444,17.271666666",http://commons.wikimedia.org/wiki/Special:FilePath/Approaching%20St%20Kitts%20and%20Nevis%20-%20southern%20tip%20of%20St.%20Kitts%20-%20panoramio.jpg
http://www.wikidata.org/entity/Q235,38350,8596156574,Monaco,http://www.wikidata.org/entity/Q46,Europe,7.42,43.73111111,"7.42,43.731111111",http://commons.wikimedia.org/wiki/Special:FilePath/Aerial%20view%20of%20Monaco%20%2801%29.jpg
http://www.wikidata.org/entity/Q347,37922,7186428783,Liechtenstein,http://www.wikidata.org/entity/Q46,Europe,9.553889,47.145,"9.553889,47.145",http://commons.wikimedia.org/wiki/Special:FilePath/Liechtenstein%20asv2022-10%20img02%20Vaduz%20Aussicht%20beim%20Schloss.jpg
http://www.wikidata.org/entity/Q238,33607,1855382833,San Marino,http://www.wikidata.org/entity/Q46,Europe,12.46666667,43.93333333,"12.466666666,43.933333333",http://commons.wikimedia.org/wiki/Special:FilePath/View%20of%20Mount%20Titano%20-%20San%20Marino.jpg
http://www.wikidata.org/entity/Q697,13650,145536603,Nauru,http://www.wikidata.org/entity/Q538,Insular Oceania,166.935,-0.5275,"166.935,-0.5275",http://commons.wikimedia.org/wiki/Special:FilePath/Coral%20reef%20on%20Nauru.jpg
http://www.wikidata.org/entity/Q672,11792,60196367,Tuvalu,http://www.wikidata.org/entity/Q538,Insular Oceania,178.005556,-7.475,"178.005556,-7.475",http://commons.wikimedia.org/wiki/Special:FilePath/Nui%20atoll.jpg